group_id,area,oracle_quantity,group_demand,oracle_group_quantity_fraction,oracle_group_area_count,in_feasibility_witness_support,feasibility_witness_quantity,in_stage1_best_support,stage1_best_quantity,stage1_pool_frequency,stage1_pool_quantity_mass,stage1_pool_first_solution_rank,pool_candidate_rank,metadata_candidate_rank,reachable_capacity,capacity_slack_vs_group_demand,compatible_bay_count,max_single_anchor_capacity,minimum_existing_proximity,minimum_berth_distance,stage1_coarse_flow_cost,cap_2_selected,cap_2_selection_channel,cap_2_coverage_reason,cap_2_pool_slots,cap_2_safety_reserve,cap_3_selected,cap_3_selection_channel,cap_3_coverage_reason,cap_3_pool_slots,cap_3_safety_reserve
390121_E001,50,18,18,1.0,1,False,0,False,0,0,0,,,10,104,86,8,26,0.0,0.000593941793704217,1.856068105325678e-07,False,,absent_from_stage1_pool_and_metadata_not_selected,1,1,False,,absent_from_stage1_pool_and_metadata_not_selected,2,1
390121_E002,21,23,23,1.0,1,False,0,False,0,0,0,,,15,57,34,6,17,0.0,0.04949514947535141,1.5467234211047318e-05,False,,absent_from_stage1_pool_and_metadata_not_selected,1,1,False,,absent_from_stage1_pool_and_metadata_not_selected,2,1
390121_E003,41,24,24,1.0,1,False,0,False,0,0,0,,,19,44,20,7,12,0.0,0.049891110671154225,1.5590972084735696e-05,False,,absent_from_stage1_pool_and_metadata_not_selected,1,1,False,,absent_from_stage1_pool_and_metadata_not_selected,2,1
390121_E004,21,22,22,1.0,1,False,0,False,0,0,0,,,15,57,35,6,17,0.0,0.04949514947535141,1.5467234211047318e-05,False,,absent_from_stage1_pool_and_metadata_not_selected,1,1,False,,absent_from_stage1_pool_and_metadata_not_selected,2,1
390121_E005,26,19,19,1.0,1,False,0,False,0,0,0,,,20,35,16,3,21,0.0,0.25737477727182734,8.042961789744604e-05,False,,absent_from_stage1_pool_and_metadata_not_selected,1,1,False,,absent_from_stage1_pool_and_metadata_not_selected,2,1
390121_E006,24,26,26,1.0,1,False,0,False,0,0,0,,,6,93,67,7,26,0.0,0.19798059790140565,6.186893684418927e-05,False,,absent_from_stage1_pool_and_metadata_not_selected,1,1,False,,absent_from_stage1_pool_and_metadata_not_selected,2,1
390121_E007,35,17,17,1.0,1,False,0,True,17,8,136,1,,,59,42,9,12,0.0,0.19817857849930706,6.193080578103346e-05,True,stage1_best,included_as_stage1_best,1,1,True,stage1_best,included_as_stage1_best,2,1
390121_E008,48,16,23,0.6956521739130435,2,False,0,False,0,0,0,,,30,17,-6,1,17,0.0,0.287467828152841,8.983369629776282e-05,False,,absent_from_stage1_pool_and_metadata_not_selected,1,1,False,,absent_from_stage1_pool_and_metadata_not_selected,2,1
390121_E008,50,7,23,0.30434782608695654,2,False,0,False,0,0,0,,,9,49,26,5,18,0.0,0.000593941793704217,1.856068105325678e-07,False,,absent_from_stage1_pool_and_metadata_not_selected,1,1,False,,absent_from_stage1_pool_and_metadata_not_selected,2,1
390121_E009,15,23,23,1.0,1,False,0,False,0,0,0,,,14,58,35,5,18,0.0,0.22756483864581273,7.111401207681649e-05,False,,absent_from_stage1_pool_and_metadata_not_selected,1,1,False,,absent_from_stage1_pool_and_metadata_not_selected,2,1
390121_E010,24,26,26,1.0,1,False,0,False,0,0,0,,,6,93,67,7,26,0.0,0.19798059790140565,6.186893684418927e-05,False,,absent_from_stage1_pool_and_metadata_not_selected,1,1,False,,absent_from_stage1_pool_and_metadata_not_selected,2,1
390121_E011,15,18,18,1.0,1,False,0,False,0,0,0,,,14,58,40,5,18,0.0,0.22756483864581273,7.111401207681649e-05,False,,absent_from_stage1_pool_and_metadata_not_selected,1,1,False,,absent_from_stage1_pool_and_metadata_not_selected,2,1
390121_E012,24,26,26,1.0,1,False,0,False,0,0,0,,,6,93,67,7,26,0.0,0.19798059790140565,6.186893684418927e-05,False,,absent_from_stage1_pool_and_metadata_not_selected,1,1,False,,absent_from_stage1_pool_and_metadata_not_selected,2,1
390131_E001,50,28,28,1.0,1,False,0,False,0,0,0,,,10,104,76,8,26,0.0,0.000593941793704217,1.856068105325678e-07,False,,absent_from_stage1_pool_and_metadata_not_selected,1,1,False,,absent_from_stage1_pool_and_metadata_not_selected,2,1
390131_E002,90,30,30,1.0,1,False,0,True,30,7,210,1,,,35,5,3,20,0.0,0.0013858641853098396,4.330825579093249e-07,True,stage1_best,included_as_stage1_best,1,1,True,stage1_best,included_as_stage1_best,2,1
390131_E003,20,15,27,0.5555555555555556,2,False,0,False,0,0,0,,,28,25,-2,3,15,0.0,0.0,0.0,False,,absent_from_stage1_pool_and_metadata_not_selected,1,1,False,,absent_from_stage1_pool_and_metadata_not_selected,2,1
390131_E003,22,12,27,0.4444444444444444,2,False,0,False,0,0,0,,,26,28,1,3,21,0.0,0.09899029895070283,3.0934468422094636e-05,False,,absent_from_stage1_pool_and_metadata_not_selected,1,1,False,,absent_from_stage1_pool_and_metadata_not_selected,2,1
390131_E004,51,34,34,1.0,1,False,0,False,0,0,0,,,16,49,15,5,21,0.0,0.050089091269055634,1.5652841021579888e-05,False,,absent_from_stage1_pool_and_metadata_not_selected,1,1,False,,absent_from_stage1_pool_and_metadata_not_selected,2,1
390131_E005,46,35,35,1.0,1,False,0,False,0,0,0,,,7,111,76,9,26,0.0,0.25777073846763016,8.055335577113444e-05,False,,absent_from_stage1_pool_and_metadata_not_selected,1,1,False,,absent_from_stage1_pool_and_metadata_not_selected,2,1
390131_E006,50,28,28,1.0,1,False,0,False,0,0,0,,,9,49,21,5,18,0.0,0.000593941793704217,1.856068105325678e-07,False,,absent_from_stage1_pool_and_metadata_not_selected,1,1,False,,absent_from_stage1_pool_and_metadata_not_selected,2,1
390131_E007,13,17,29,0.5862068965517241,2,False,0,False,0,0,0,,,8,105,76,11,17,0.0,0.14837259948525044,4.636643733914077e-05,False,,absent_from_stage1_pool_and_metadata_not_selected,1,1,False,,absent_from_stage1_pool_and_metadata_not_selected,2,1
390131_E007,12,12,29,0.41379310344827586,2,False,0,False,0,0,0,,,31,16,-13,2,12,0.0,0.09887745000989903,3.089920312809345e-05,False,,absent_from_stage1_pool_and_metadata_not_selected,1,1,False,,absent_from_stage1_pool_and_metadata_not_selected,2,1
390131_E008,26,16,28,0.5714285714285714,2,False,0,False,0,0,0,,,29,19,-9,1,19,0.0,0.25737477727182734,8.042961789744604e-05,False,,absent_from_stage1_pool_and_metadata_not_selected,1,1,False,,absent_from_stage1_pool_and_metadata_not_selected,2,1
390131_E008,24,12,28,0.42857142857142855,2,False,0,False,0,1,28,5,1,6,93,65,7,26,0.0,0.19798059790140565,6.186893684418927e-05,True,pool,included_by_pool_rank,1,1,True,pool,included_by_pool_rank,2,1
390131_E009,13,36,36,1.0,1,False,0,False,0,0,0,,,8,105,69,11,17,0.0,0.14837259948525044,4.636643733914077e-05,False,,absent_from_stage1_pool_and_metadata_not_selected,1,1,False,,absent_from_stage1_pool_and_metadata_not_selected,2,1
390131_E010,46,35,35,1.0,1,False,0,False,0,0,0,,,10,39,4,2,26,0.0,0.25777073846763016,8.055335577113444e-05,False,,absent_from_stage1_pool_and_metadata_not_selected,1,1,False,,absent_from_stage1_pool_and_metadata_not_selected,2,1
390131_E011,13,26,26,1.0,1,False,0,True,26,8,208,1,,,105,79,11,17,0.0,0.14837259948525044,4.636643733914077e-05,True,stage1_best,included_as_stage1_best,1,1,True,stage1_best,included_as_stage1_best,2,1
390131_E012,15,39,39,1.0,1,False,0,False,0,0,0,,,15,39,0,2,22,0.0,0.22756483864581273,7.111401207681649e-05,False,,absent_from_stage1_pool_and_metadata_not_selected,1,1,False,,absent_from_stage1_pool_and_metadata_not_selected,2,1
